epoch,steps,cosine_pearson,cosine_spearman
3.787878787878788,500,0.96906106067848,1.0
